resume, "이력서"
applicant, "지원자"
requirement, "필요조건"
meet, "(요구를) 만족시키다"
qualified, "자격 있는"
candidate, "후보자"
confidence, "확신"
highly, "매우"
professional, "전문적인"
interview, "면접"
hire, "고용하다"
training, "교육"
reference, "추천서"
position, "일자리"
achievement, "성취"
impressed, "감명 깊은"
excellent, "훌륭한"
eligible, "자격이 있는"
identify, "알아보다"
associate, "관련시키다"
condition, "조건"
employment, "고용"
lack, "부족, 결핍"
managerial, "관리의"
diligent, "성실한"
familiar, "익숙한"
proficiency, "숙달"
prospective, "장래의"
appeal, "관심을 끌다"
specialize, "전문으로 하다"
apprehensive, "걱정하는"
consultant, "고문, 컨설턴트"
entitle, "자격을 주다"
degree, "학위"
payroll, "임금대장"
recruit, "(신입사원 등을) 모집하다"
certification, "증명서"
occupation, "직업"
wage, "임금"
attire, "복장"
code, "규범"
concern, "우려"
policy, "규정"
comply, "준수하다"
regulation, "규정"
exception, "예외"
adhere, "지키다"
severely, "엄격하게"
refrain, "자제하다"
permission, "허락"
access, "이용 권한"
thoroughly, "철저하게"
revise, "(의견을) 수정하다"
approach, "접근법"
approval, "승인"
form, "종류"
immediately, "즉시"
inspection, "점검"
arrangement, "준비"
procedure, "절차"
negative, "부정적인"
mandate, "명령하다"
effect, "(법률 등의) 효력"
drastically, "심하게"
according, "따라"
enable, "가능하게 하다"
standard, "기준"
constant, "지속적인"
act, "법령"
compensation, "보상금"
ban, "금지"
obligation, "의무"
authorize, "권한을 부여하다"
prohibit, "금지하다"
abolish, "(제도를) 폐지하다"
enforce, "(법률을) 시행하다"
habit, "습관"
legislation, "법률"
restrict, "한정하다"
accustomed, "익숙한"
corporation, "주식회사"
demanding, "요구가 많은"
colleague, "동료"
division, "부서"
request, "요청"
efficiently, "효율적으로"
manage, "관리하다"
submit, "제출하다"
directly, "곧바로"
remind, "상기시키다"
instruct, "지시하다"
deadline, "마감일"
sample, "견본"
notify, "알리다"
perform, "행하다"
monitor, "감독하다"
deserve, "할 만하다"
assignment, "일"
entire, "전체의"
release, "발표하다"
extension, "연장"
electronically, "컴퓨터로"
attendance, "출석"
absolutely, "절대적으로"
delegate, "(권한 등을) 위임하다"
attentively, "주의 깊게"
supervision, "감독"
workshop, "워크숍"
draw, "끌다"
revision, "수정"
reluctantly, "마지못해"
acquaint, "숙지시키다"
convey, "(용건을) 전달하다"
check, "검사하다"
headquarters, "본부"
file, "(서류를) 정리하다"
oversee, "감독하다"
involved, "관여하는"
concentrate, "집중하다"
lax, "느슨한"
procrastinate, "미루다"
combined, "결합된"
accomplish, "성취하다"
voluntarily, "자발적으로"
undertake, "(일을) 떠맡다"
assume, "책임지다, 추정하다"
occasionally, "가끔"
employee, "직원"
assist, "돕다"
satisfied, "만족하는"
manner, "방식"
responsible, "책임이 있는"
conduct, "업무를 수행하다"
adjust, "적응하다"
personnel, "직원"
agree, "동의하다"
supervise, "감독하다"
coworker, "동료"
direct, "안내하다"
confidential, "기밀의"
assign, "배정하다"
leading, "선도적인"
formal, "격식을 차린"
remove, "해임하다"
collect, "모으다"
coordinate, "조정하다"
hardly, "거의 ~하지 않다"
abstract, "추상적인"
directory, "주소록"
accountable, "책임이 있는"
skillfully, "능숙하게"
exclusive, "독점적인"
intention, "의지, 의도"
transform, "바꾸다"
respectful, "정중한"
duplicate, "사본"
contrary, "반대"
disturbing, "충격적인"
engage, "관여하다"
foster, "촉진하다"
neutrality, "중립성"
widely, "널리"
sophisticated, "(기계가) 정교한"
timely, "시기적절한"
realistically, "현실적으로"
promptly, "즉시"
accessible, "접근 가능한"
implement, "실시하다"
feedback, "의견"
outstanding, "우수한"
inform, "알리다"
replacement, "교체"
announcement, "공고"
department, "부서"
permanently, "영구적으로"
fulfill, "만족시키다"
outline, "개요"
explain, "설명하다"
contain, "포함하다"
compile, "편집하다"
subsequent, "차후의"
overview, "개요"
provider, "공급자"
matter, "문제"
expertise, "전문 지식"
demonstrate, "증명하다"
remainder, "나머지"
essential, "필수적인"
divide, "분배하다"
major, "주요한"
compliance, "준수"
clarify, "명확하게 하다"
face, "직면하다"
follow, "따르다"
aspect, "관점"
apparently, "보기에"
aware, "알고 있는"
extended, "연장된"
accidentally, "뜻하지 않게"
advisable, "바람직한"
concerned, "염려하는"
speak, "이야기하다"
collection, "소장품"
exhibition, "전시회"
celebrity, "유명인사"
live, "생방송의"
improvise, "즉석에서 하다"
popular, "인기 있는"
donation, "기증"
alumni, "동창생들"
present, "제시하다"
admission, "입장"
banquet, "연회"
anniversary, "기념일"
required, "필수의"
succeed, "성공하다"
rest, "쉬다"
fund-raising, "모금"
resume, "재개하다"
issue, "발행부수, 문제"
subscription, "정기구독"
appear, "나타나다"
accompany, "동행하다"
edition, "판"
specifically, "명확하게"
anonymous, "익명의"
commit, "헌신하다"
information, "유익한 정보"
audience, "청중"
author, "작가"
note, "주목하다"
antique, "골동품"
manuscript, "원고"
beneficial, "유익한"
upcoming, "다가오는"
lend, "빌려주다"
current, "현재의"
local, "지방의"
variety, "다양성"
advocate, "옹호자"
contributor, "기고가"
defy, "저항하다"
fascinating, "매혹적인"
showing, "상영"
survey, "설문조사"
analysis, "분석"
respondent, "응답자"
competition, "경쟁"
consistently, "항상"
demand, "수요"
do, "다하다"
expand, "확장하다"
advanced, "고급의"
postpone, "연기하다"
additional, "추가의"
appreciate, "감사하다"
demonstration, "설명, 시연"
buy, "사다"
examine, "조사하다"
effective, "효과적인"
like, "좋아하다"
especially, "특히"
closely, "면밀히"
reserve, "예약하다"
cooperate, "협력하다"
very, "매우"
consecutive, "연속적인"
expectation, "예상"
publicize, "공표하다"
raise, "높이다"
extremely, "극도로"
affect, "영향을 미치다"
target, "목표"
campaign, "캠페인, 운동"
probable, "개연성이 있는"
focus, "집중시키다"
seasonal, "계절의"
impact, "영향"
comparison, "비교"
gap, "격차"
mounting, "증가하는"
reflective, "반영하는"
advertisement, "광고"
marginal, "약간의"
customer, "고객"
influence, "영향을 미치다"
instantly, "즉각적으로"
creative, "창조적인"
aggressively, "적극적으로"
aim, "목표로 하다"
strategy, "전략"
indicate, "보여주다"
attract, "끌다"
experience, "경험"
analyze, "분석하다"
introduce, "발표하다, 소개하다"
advise, "조언해주다"
subscribe, "구독하다"
absence, "부재"
means, "방법"
prefer, "선호하다"
advantage, "이점"
forward, "앞으로"
contemporary, "동시대의"
discussion, "토론"
initial, "처음의"
steadily, "착실하게"
necessarily, "반드시"
resolve, "해결하다"
detect, "간파하다"
intensify, "강화하다"
favorably, "호의적으로"
cover, "포함하다, 덮다"
less, "보다 적은"
majority, "대부분"
adopt, "채택하다"
largely, "주로"
disregard, "소홀히 하다"
effort, "노력"
incentive, "혜택, 유인"
need, "필요"
mastermind, "계획하다"
stagnant, "침체된"
dramatically, "극적으로"
brisk, "활발한"
unstable, "불안정한"
rapidly, "급속히"
soar, "치솟다"
assert, "단언하다"
boost, "부양시키다"
analyst, "분석가"
potential, "잠재적인"
pleased, "만족해하는"
remain, "계속 ~인 상태이다"
limited, "제한된"
costly, "비용이 많이 드는"
particular, "특정한"
drastic, "과감한"
evenly, "고르게"
evidence, "증거"
prospect, "전망"
lead, "이끌다"
fall, "하락하다"
period, "기간"
indicator, "지표"
industry, "산업"
likely, "할 것 같은"
boom, "호황"
director, "임원"
substitute, "대용품"
consequence, "결과"
fairly, "상당히"
economical, "경제적인"
thrive, "번영하다"
implication, "영향, 함축"
wane, "감소하다"
prosperity, "번영"
depression, "불황"
dwindle, "줄어들다"
impede, "저해하다"
promising, "유망한"
adversity, "역경"
purchase, "구매하다"
installment, "할부"
affordable, "알맞은 가격의"
exactly, "정확히"
auction, "경매"
authentic, "진정한"
charge, "요금"
notice, "통지"
experienced, "경험이 있는"
instruction, "설명"
expert, "전문가"
warranty, "보증"
refund, "환불"
subscriber, "가입자"
delivery, "배달"
price, "가격"
receipt, "영수증"
offer, "제공하다"
carefully, "주의 깊게"
benefit, "혜택"
exclusively, "오로지"
description, "설명"
relatively, "상대적으로"
spare, "아끼다"
preparation, "준비"
area, "지역"
clearance, "정리, 허가"
alter, "바꾸다"
apply, "적용하다"
mutually, "서로"
method, "방식"
acceptable, "훌륭한, 용인되는"
desire, "욕구"
redeemable, "현금으로 바꿀 수 있는"
officially, "공식적으로"
consumption, "소비"
qualify, "자격을 얻다"
fabric, "섬유"
valid, "유효한"
vendor, "노점상, 판매업체"
research, "연구"
devise, "고안하다"
revolutionary, "혁명적인"
innovative, "혁신적인"
feature, "특징"
inspiration, "영감"
sufficiently, "충분히"
patent, "특허"
envision, "상상하다"
extend, "연장하다, 전하다"
following, "~후에"
intend, "의도하다"
grant, "수여하다, 승인하다"
allow, "하게 하다"
inspect, "검사하다"
improve, "향상시키다"
increasingly, "점점"
invest, "투자하다"
various, "다양한"
upgrade, "업그레이드하다"
manual, "설명서"
explore, "조사하다, 탐험하다"
response, "응답"
appearance, "외관"
successful, "성공적인"
hold, "개최하다"
advance, "진보"
reliable, "신뢰할 수 있는"
quality, "품질"
domestic, "국내의"
development, "개발"
availability, "이용 가능성"
update, "갱신"
accurate, "정확한"
complicate, "복잡하게 하다"
accomplished, "숙련된"
inquiry, "문의"
indication, "징후"
manufacturer, "제조회사"
compatible, "호환되는"
superior, "우수한"
absolute, "완전한"
broaden, "넓히다"
corrosion, "부식"
equipment, "장비"
automate, "자동화하다"
specification, "명세서"
properly, "제대로"
safety, "안전"
precaution, "예방조치"
operate, "작동하다"
processing, "가공"
capacity, "용량"
utilize, "이용하다"
place, "장소"
fill, "채우다"
manufacturing, "제조업의"
renovate, "개조하다"
decision, "결정"
material, "재료"
success, "성과"
attribute, "~의 탓으로 돌리다"
efficiency, "효율"
limit, "한계"
tailored, "맞춤의"
component, "부품"
capable, "~할 수 있는"
economize, "절약하다"
flexible, "융통성 있는"
comparable, "필적하는"
produce, "생산하다"
respectively, "각각"
device, "장치"
trim, "다듬다"
launch, "출시하다"
separately, "개별적으로"
expiration, "만료"
maneuver, "이동시키다"
coming, "다가오는"
damaged, "손상된"
prevent, "예방하다"
power, "전력"
chemical, "화학제품"
complaint, "불평"
deal, "처리하다"
argumentative, "논쟁적인"
appropriately, "적절하게"
respond, "응답하다"
infuriate, "화나게 하다"
courteous, "예의 바른"
satisfaction, "만족"
inconvenience, "불편"
complete, "완료하다"
specific, "구체적인"
return, "반환하다"
replace, "교체하다"
presentation, "발표"
evaluation, "평가"
confident, "자신감 있는"
commentary, "해설"
notification, "통지"
apologize, "사과하다"
interact, "소통하다"
certain, "확신하는"
commitment, "헌신, 약속"
applaud, "박수를 보내다"
biography, "약력"
critical, "비판적인"
depend, "의존하다"
combine, "결합시키다"
priority, "우선권"
observe, "준수하다"
defective, "결함이 있는"
reflect, "반영하다"
attitude, "태도"
disappoint, "실망시키다"
inquire, "문의하다"
insert, "삽입하다"
disclose, "공개하다"
guarantee, "보장하다"
politely, "공손하게"
seriously, "진지하게"
international, "국제적인"
attraction, "관광지"
itinerary, "여행 일정"
exotic, "이국적인"
diverse, "다양한"
superb, "최고의"
baggage, "수하물"
destination, "목적지"
missing, "분실된"
approximately, "대략"
duty, "관세"
process, "과정"
board, "탑승하다"
comfortable, "편안한"
declare, "신고하다"
specify, "명시하다"
depart, "출발하다"
emergency, "비상시"
passenger, "승객"
tightly, "단단히"
tour, "견학, 관광"
carrier, "항공사"
customarily, "관례상"
confuse, "혼란시키다"
arrive, "도착하다"
brochure, "소책자"
involve, "수반하다"
ship, "배송하다"
suitcase, "여행가방"
unavailable, "이용할 수 없는"
fill, "기입하다"
customs, "세관"
away, "떨어져서"
dramatic, "멋진, 극적인"
hospitality, "환대"
indulge, "탐닉하다"
proximity, "가까움"
seating, "좌석"
unlimited, "무제한의"
proposal, "제안"
alliance, "동맹"
stipulation, "계약 조건"
term, "조건, 용어"
compromise, "타협"
negotiation, "협상"
agreement, "계약, 동의"
deadlock, "교착 상태"
review, "검토하다"
contract, "계약서"
signature, "서명"
originally, "원래"
direction, "방향"
initially, "처음에"
expire, "만료되다"
collaborate, "협력하다"
dedicate, "전념하다"
revised, "수정된"
imperative, "반드시 해야 하는"
cooperatively, "협력하여"
commission, "수수료"
omit, "빠뜨리다"
conflict, "대립"
renew, "갱신하다"
proficient, "능숙한"
confidentiality, "기밀"
dispute, "분쟁"
objection, "반대"
define, "규정하다"
impression, "인상"
security, "보안"
option, "선택권"
proceed, "진행하다"
modify, "수정하다"
narrow, "좁히다"
bid, "입찰하다"
settle, "해결하다"
terminate, "끝내다"
challenging, "도전적인"
foundation, "토대"
completely, "전적으로"
refuse, "거절하다"
temporarily, "일시적으로"
dealer, "판매업자"
bulk, "대량의"
inventory, "재고품"
short, "부족한"
cost, "비용"
selection, "선택된 것"
commercial, "상업의"
order, "주문하다"
provide, "공급하다"
invoice, "송장"
move, "옮기다"
supply, "공급하다"
discount, "할인"
distribute, "배포하다"
acquisition, "인수"
assure, "확신시키다"
seek, "구하다"
satisfactory, "만족스러운"
confirmation, "확인"
unable, "할 수 없는"
payment, "지불"
measure, "대책"
bargain, "특가품"
stock, "재고"
affordability, "감당할 수 있는 비용"
clientele, "고객들"
acclaim, "호평"
represent, "대표하다"
rating, "등급"
encompass, "포함하다"
finalize, "마무리하다"
market, "시장"
retail, "소매"
commodity, "상품"
quote, "견적액"
consignment, "위탁"
fragile, "깨지기 쉬운"
perishable, "부패하기 쉬운"
deliver, "배달하다"
ensure, "확실히 하다"
courier, "급송"
carton, "판지상자"
address, "주소, 다루다"
shipment, "수송품"
particularly, "특히"
adequately, "적절히"
article, "물품, 기사"
efficient, "효율적인"
agency, "대행사"
enclose, "동봉하다"
careful, "조심스러운"
pick, "고르다"
carry, "지니다, 휴대하다"
attach, "붙이다"
formerly, "이전에"
package, "소포"
react, "반응하다"
content, "내용물"
convenience, "편의"
acknowledge, "인정하다"
caution, "주의"
correspondence, "서신"
separate, "분리하다"
remarkable, "현저한"
handle, "취급하다"
warehouse, "창고"
impose, "부과하다"
storage, "보관소"
detach, "분리하다"
envelope, "봉투"
exclusion, "제외"
recipient, "수신자"
affix, "우표를 붙이다"
incorrect, "부정확한"
step, "단계"
check, "체크인하다"
complimentary, "무료의"
chef, "주방장"
container, "용기"
elegant, "우아한"
flavor, "맛"
accommodate, "수용하다"
reception, "환영회"
in, "미리"
refreshments, "다과"
make, "만들다"
cater, "음식을 공급하다"
reservation, "예약"
beverage, "음료"
confirm, "확인하다"
cancel, "취소하다"
rate, "요금, 비율"
conveniently, "편리하게"
decorate, "장식하다"
information, "정보"
retain, "유지하다"
atmosphere, "분위기"
cuisine, "요리"
sequence, "순서"
extensive, "광범위한"
prior, "전의"
book, "예약하다"
amenity, "편의시설"
belongings, "소지품"
entirely, "완전히"
ease, "완화시키다"
ingredient, "재료"
sip, "음미하며 마시다"
stir, "휘젓다"
choice, "선택물"
complication, "복잡한 문제"
freshness, "신선함"
occupancy, "이용률"
decline, "감소, 거절"
markedly, "현저하게"
increase, "인상, 증가"
revenue, "수입"
projection, "예상치"
substantial, "상당한"
significantly, "상당히"
estimate, "추정하다"
shift, "옮기다, 변화"
fee, "요금"
production, "생산량"
sale, "매출액"
impressive, "굉장한"
representative, "직원, 대표자"
recent, "최근의"
improvement, "향상"
employer, "고용주"
regular, "정기적인"
summarize, "요약하다"
typically, "보통"
whole, "전체의"
growth, "성장"
figure, "총액, 수치"
steady, "꾸준한"
frequent, "빈번한"
achieve, "달성하다"
assumption, "추정"
share, "공유하다"
incur, "(손실을) 입다"
slightly, "약간"
profit, "수익"
illustrate, "분명히 보여주다"
inaccurate, "부정확한"
percentage, "비율"
reduce, "줄이다"
tend, "하는 경향이 있다"
audit, "회계 감사"
accounting, "회계"
budget, "예산"
financial, "재정의"
deficit, "적자"
recently, "최근에"
substantially, "크게"
committee, "위원회"
frequently, "자주"
capability, "능력"
proceeds, "수익금"
reimburse, "상환하다"
considerably, "상당히"
adequate, "충분한"
total, "총계의"
preferred, "선호되는"
quarter, "사분기"
interrupt, "중단시키다"
browse, "훑어보다"
prompt, "즉각적인"
measurement, "측정"
shorten, "단축하다"
calculate, "계산하다"
deficient, "부족한"
compare, "비교하다"
fortunate, "운 좋은"
expenditure, "지출"
accurately, "정확하게"
worth, "가치가 있는"
excess, "초과"
fiscal, "회계의"
incidental, "부수적인"
inflation, "물가상승"
liable, "책임이 있는"
spend, "쓰다"
turnover, "이직률, 매출"
announce, "발표하다"
interested, "관련된"
active, "적극적인"
accept, "수락하다"
foresee, "예견하다"
expansion, "확장"
relocate, "이전하다"
competitor, "경쟁업체"
asset, "자산"
contribute, "기여하다"
dedicated, "헌신적인"
misplace, "잃어버리다"
considerable, "상당한"
last, "지속되다"
grow, "성장하다"
select, "선발하다"
merge, "합병하다"
imply, "암시하다"
vital, "필수적인"
persist, "계속하다"
independent, "독립적인"
force, "세력, 힘"
establish, "설립하다"
enhance, "향상시키다"
renowned, "저명한"
informed, "박식한"
minutes, "회의록"
waive, "포기하다"
authority, "권한"
acquire, "매입하다"
surpass, "능가하다"
run, "운영하다"
improbable, "있을 법하지 않은"
edge, "우위"
reveal, "밝히다"
productivity, "생산성"
uncertain, "확신이 없는"
premier, "으뜸의"
agenda, "의제"
convene, "소집하다"
refute, "부인하다"
coordination, "조정"
convince, "납득시키다"
consensus, "여론, 합의"
usually, "보통"
reschedule, "일정을 조정하다"
meeting, "회의"
determine, "알아내다"
report, "보고서"
comment, "논평하다"
phase, "단계"
approve, "승인하다"
enclosed, "동봉된"
easy, "쉬운"
record, "기록"
suggestion, "제안"
attention, "주의"
object, "반대하다"
coincidentally, "우연히"
crowded, "붐비는"
undergo, "겪다"
outcome, "결과"
narrowly, "간스로이"
differ, "의견을 달리하다"
discuss, "논의하다"
give, "연설하다"
brief, "브리핑하다"
distract, "(주의를) 산만하게 하다"
emphasis, "강조"
press, "언론"
organize, "준비하다"
mention, "언급하다"
persuasive, "설득력 있는"
understanding, "이해심 있는"
adjourn, "중단하다"
constructive, "건설적인"
preside, "사회를 보다"
constraint, "제한"
host, "개최하다"
annual, "매년의"
purpose, "목적"
enroll, "등록하다"
lecture, "강의"
participant, "참가자"
attend, "참석하다"
encourage, "장려하다"
leave, "휴가"
recommendation, "추천사항"
conference, "회의"
schedule, "일정을 잡다"
include, "포함하다"
result, "결과"
register, "등록하다"
require, "요구하다"
grateful, "고마워하는"
overtime, "초과근무"
responsibility, "책임"
assent, "찬성하다"
regard, "간주하다"
tentative, "임시적인"
welcome, "반가운"
function, "행사"
commence, "시작되다"
objective, "목표"
excited, "신이 난"
reimbursement, "상환"
treatment, "대우"
honor, "존경, 영광"
emphasize, "강조하다"
entry, "참가, 경기"
bonus, "상여금"
salary, "급여"
earn, "벌다"
arise, "발생하다"
labor, "노동"
union, "노동조합"
existing, "기존의"
exploit, "착취하다"
appoint, "임명하다"
appraisal, "평가"
promote, "승진시키다"
skilled, "숙련된"
radically, "완전히"
exceptional, "뛰어난"
appreciation, "감사"
evaluate, "평가하다"
suggest, "제안하다"
preference, "선호"
management, "경영진"
predict, "예측하다"
transfer, "보내다, 전근시키다"
award, "상"
mandatory, "의무적인"
performance, "실적"
reward, "보상하다"
search, "찾기"
inexperienced, "경험 없는"
early, "이른"
designate, "지명하다"
executive, "경영의"
dedication, "헌신"
unanimously, "만장일치로"
progress, "진행"
congratulate, "축하하다"
dismiss, "해임하다"
independence, "독립성"
participation, "참여"
praise, "칭칭하다"
accomplishment, "성과"
deliberation, "토의"
leadership, "리더십"
retire, "퇴직하다"
nomination, "지명"
serve, "근무하다"
encouragement, "격격"
resignation, "사임"
strictly, "엄격히"
alleviate, "완화하다"
divert, "우회시키다"
detour, "우회"
fuel, "연료"
malfunction, "오작동"
permit, "허락하다"
transportation, "교통수단"
opportunity, "기회"
clearly, "명확히"
ongoing, "계속 진행 중인"
detailed, "상세한"
alternative, "대안"
obtain, "획득하다"
designated, "지정된"
intersection, "교차로"
equip, "갖추다"
commute, "통근하다"
downtown, "시내에서"
automotive, "자동차의"
closure, "폐쇄"
vehicle, "차량"
platform, "승강장"
official, "공무원"
transit, "교통"
fare, "교통요금"
expense, "비용"
trust, "신뢰"
head, "향하다"
drive, "운전하다"
fine, "벌금"
pass, "지나가다"
securely, "단단히"
reserved, "예약된"
average, "평균"
collision, "충돌"
tow, "견인하다"
reverse, "뒤의, 반대의"
inventory, "재고"
voucher, "상품권"
estimate, "견적서"
resume, "재개하다, 이력서"
issue, "문제, 발행"
property, "재산"
eligible, "자격이 있는"
initiative, "주도권, 새로운 계획"
culinary, "요리의"
extensive, "광범위한"
deposit, "예치금"
retail, "소매"
affordable, "가격이 적당한"
grant, "승인하다, 수여하다"
significantly, "상당히"
reserve, "예약하다, 보유하다"
application, "신청"
address, "다루다, 주소"
suppose, "추정하다"
charge, "요금, 책임"
expire, "만료되다"
refund, "환불하다"
promote, "촉진하다, 승진시키다"
revenue, "수익"
opportunity, "기회"
valid, "유효한"
confidential, "기밀의"
figure, "수치, 인물"
traffic, "교통"
audience, "청중"
occupy, "점유하다"
approximately, "대략"
complimentary, "무료의"
outstanding, "미결제의, 우수한"
imperative, "긴급한, 필수의"
substantial, "상당한"
decline, "감소하다, 거절하다"
balance, "잔액, 균형"
account, "계좌, 설명"
proceed, "진행하다"
amenities, "편의시설"
renowned, "유명한"
preserve, "보존하다"
simply, "단순하게"
presence, "존재"
laboratory, "실험실"
effective, "효과적인"
enhance, "향상시키다"
insurance, "보험"
spacious, "넓은"
ingredient, "재료"
withdraw, "철회하다, 인출하다"
banquet, "연회"
experiment, "실험"
specific, "구체적인"
specialize, "전문화하다"
affect, "영향을 미치다"
equip, "갖추다"
reimbursement, "환급"
premises, "건물 구내"
renovate, "보수하다"
versatile, "다재다능한"
implement, "실행하다"
informed, "박식한"
commitment, "약속, 헌신"
direct, "직접적인, 지시하다"
facilitate, "용이하게 하다"
commission, "수수료, 위원회"
cover, "포함하다, 덮다"
encourage, "격려하다"
persuade, "설득하다"
accompany, "동반하다"
candidate, "후보자"
renew, "갱신하다"
launch, "출시하다"
reliable, "신뢰할 수 있는"
inform, "알리다"
contribute, "기여하다"
strategy, "전략"
motivate, "동기부여하다"
consider, "고려하다"
remind, "상기시키다"
suitable, "적합한"
beverage, "음료"
portable, "휴대용의"
essential, "필수적인"
consent, "동의"
tentative, "잠정적인"
respective, "각각의"
arrange, "준비하다, 정리하다"
associate, "관련시키다"
publicity, "언론 홍보"
instructor, "강사"
contractor, "계약자"
relevant, "관련된"
weekly, "매주의"
imply, "암시하다"
reveal, "드러내다"
assembly, "조립"
procedure, "절차"
overdue, "기한이 지난"
merchandise, "상품"
authority, "권한"
fiscal, "재정의"
timely, "시기적절한"
duty, "책임, 관세"
impose, "부과하다"
merger, "합병"
demonstration, "증명, 시연"
fluctuate, "변동하다"
deliver, "배달하다, 연설하다"
devoted, "헌신적인"
stock, "재고, 주식"
promptly, "즉시"
expand, "확장하다"
variety, "다양성"
immediately, "즉시"
capacity, "수용력, 용량"
conduct, "수행하다"
transaction, "거래"
personnel, "직원"
due, "기한이 된"
assure, "보장하다"
responsibility, "책임"
progress, "발전"
supply, "공급"
release, "발표하다"
receipt, "영수증"
refuse, "거절하다"
prosperous, "번영하는"
lean, "기대다"
pedestrian, "보행자"
tenant, "임차인"
flaw, "결함"
guarantee, "보증하다"
loan, "대출"
admit, "인정하다"
expense, "비용"
description, "묘사, 설명"
statement, "진술, 내역서"
regulation, "규제"
material, "재료"
policy, "정책"
assume, "가정하다, 떠맡다"
critical, "중요한, 비판적인"
alleviate, "완화하다"
solicit, "요청하다"
unprecedented, "전례 없는"
produce, "생산하다, 농산물"
amount, "양"
commute, "출퇴근하다"
corporate, "기업의"
practical, "실용적인"
deny, "부인하다"
diverse, "다양한"
fulfill, "충족시키다"
clarify, "명확하게 하다"
draft, "초안"
recipe, "요리법"
performance, "성과, 공연"
invoice, "청구서"
useful, "유용한"
durable, "내구성이 있는"
subscribe, "구독하다"
coverage, "보장 범위"
approve, "승인하다"
agenda, "의제"
boost, "증가시키다"
access, "접근"
facility, "시설"
diagnosis, "진단"
ownership, "소유권"
recession, "불경기"
status, "상태"
accountable, "책임이 있는"
dependable, "신뢰할 수 있는"
adjustment, "조정"
prestigious, "명성 있는"
recognition, "인정"
regret, "후회하다"
unemployment, "실업"
documentation, "문서화"
compete, "경쟁하다"
range, "범위"
conclusion, "결론"
environment, "환경"
expose, "드러내다"
appropriate, "적절한"
negotiate, "협상하다"
investment, "투자"
productivity, "생산성"
proposal, "제안"
manual, "수동의, 설명서"
potential, "잠재력"
delay, "지연"
obtain, "얻다"
restrict, "제한하다"
alternative, "대안"
appraisal, "평가"
temporarily, "일시적으로"
remain, "남다"
relieve, "완화하다"
deliver, "배송하다"
expect, "예상하다"
damage, "손상"
seal, "봉인하다"
stagnant, "정체된"
tenure, "재임 기간"
setback, "차질"
autograph, "서명"
associated, "관련된"
arrival, "도착"
dimension, "크기"
consistency, "일관성"
invent, "발명하다"
generous, "관대한"
enrich, "풍요롭게 하다"
transfer, "이동하다"
structure, "구조"
employment, "고용"
destination, "목적지"
complaint, "불평"
atmosphere, "분위기"
host, "주최자"
conduct, "실행하다"
district, "구역"
run, "운영하다"
projection, "예상"
taste, "맛"
transportation, "교통수단"
inspiration, "영감"
adequate, "충분한"
reputation, "평판"
rebate, "환급금"
pension, "연금"
payment, "지불"
permit, "허가하다"
reservation, "예약"
correspondence, "서신"
escort, "동반자"
attire, "의복"
inclement, "궂은"
scrutinize, "면밀히 조사하다"
exclusively, "단독으로"
collaborate, "협력하다"
consistently, "일관되게"
commensurate, "상응하는"
streamline, "간소화하다"
freshness, "신선함"
endangered, "멸종 위기의"
aware, "알고 있는"
convert, "변환하다"
contribute, "기여하다"
fatigue, "피로"
advance, "진전"
alternative, "대안"
endeavor, "노력"
confidence, "자신감"
symptom, "증상"
yield, "생산하다"
nutrition, "영양"
bounce, "튀어 오르다"
curb, "억제하다"
delinquent, "연체된"
terminate, "끝내다"
plummet, "급락하다"
complication, "복잡한 문제"
consensus, "의견 일치"
surplus, "잉여"
remedy, "치료법"
payable, "지불해야 하는"
utilize, "활용하다"
superb, "탁월한"
demolish, "철거하다"
chronic, "만성적인"
periodically, "정기적으로"
predecessor, "선임자"
markedly, "두드러지게"
precaution, "예방 조치"
discontinue, "중단하다"
exquisite, "정교한"
bulk, "대량"
disruption, "방해"
elegant, "우아한"
assorted, "다양한"
stage, "단계"
deduct, "공제하다"
counterfeit, "위조품"
perishable, "부패하기 쉬운"
physician, "의사"
attentive, "주의 깊은"
suburb, "교외"
significant, "중요한"
attempt, "시도"
landscape, "풍경"
steadily, "꾸준하게"
notice, "공지"
applicant, "지원자"
process, "절차"
foundation, "기초"
celebrity, "유명인사"
accountant, "회계사"
donate, "기부하다"
inconvenience, "불편"
notify, "알리다"
unusually, "이례적으로"
improve, "개선하다"
repair, "수리하다"
warranty, "보증"
replace, "대체하다"
production, "생산"
subscription, "구독"
rush, "급함"
community, "공동체"
operate, "작동하다"
fit, "적합한"
acquire, "얻다"
confirm, "확인하다"
attention, "주의"
concern, "우려"
interest, "관심"
purchase, "구매"
defective, "결함이 있는"
financial, "재정의"
compliance, "준수"
lead, "이끌다"
organize, "정리하다"
mistakenly, "실수로"
attract, "끌어당기다"
depart, "출발하다"
donation, "기부"
summary, "요약"
awareness, "인식"
harvest, "수확하다"
plumber, "배관공"
review, "검토"
consumer, "소비자"
describe, "묘사하다"
provide, "제공하다"
convenience, "편리함"
aim, "목표로 하다"
prospective, "장래의"
exceptional, "뛰어난"
result, "결과"
advantage, "장점"
satisfaction, "만족감"
dedicated, "헌신적인"
emphasis, "강조"
labor, "노동"
foster, "발전시키다"
demand, "수요"
selection, "선택"
conscious, "의식하는"
efficiently, "효율적으로"
comparable, "비교할 만한"
corrosion, "부식"
personal, "개인적인"
popular, "인기 있는"
influence, "영향을 미치다"
dramatic, "극적인"
aid, "도움"
fascinating, "매혹적인"
concentrate, "집중하다"
lecture, "강의"
ideal, "이상적인"
worth, "가치가 있는"
value, "가치"
introduce, "소개하다"
attend, "참석하다"
method, "방법"
permanent, "영구적인"
recovery, "회복"
object, "물건, 반대하다"
attain, "달성하다"
convene, "소집하다"
eliminate, "제거하다"
expertise, "전문 지식"
retain, "유지하다"
hesitate, "주저하다"
schedule, "일정"
project, "프로젝트"
credit, "신용"
accrue, "증가하다"
dig, "파다"
remit, "송금하다"
favorable, "호의적인"
state, "상태"
patio, "파티오"
recreational, "여가의"
valley, "계곡"
skeptical, "회의적인"
positive, "긍정적인"
economy, "경제"
propose, "제안하다"
debut, "데뷔"
fire, "해고하다, 불"
hire, "고용하다"
attitude, "태도"
region, "지역"
dispose, "처리하다"
divide, "나누다"
proficiency, "숙련도"
managerial, "경영의"
growth, "성장"
independent, "독립적인"
apologize, "사과하다"
refer, "언급하다"
follow, "따르다"
broad, "넓은"
diversified, "다양한"
ailing, "병든"
occupancy, "점유"
hospitality, "환대"
furnished, "가구가 비치된"
enlightening, "계몽적인"
municipal, "시의"
regard, "간주하다"
routinely, "정기적으로"
overview, "개요"
qualify, "자격을 얻다"
determine, "결정하다"
overcharge, "과다 청구하다"
keep, "유지하다"
costume, "복장"
evenly, "고르게"
industry, "산업"
highlight, "강조하다"
journal, "일기, 학술지"
shore, "해안"
statue, "동상"
astronomy, "천문학"
flexible, "유연한"
circulate, "순환하다"
merit, "장점"
moderate, "적당한"
artificial, "인공적인"
analyze, "분석하다"
modernize, "현대화하다"
operation, "운영"
medical, "의학의"
block, "막다, 덩어리"
individual, "개인"
deadline, "마감일"
wrap, "포장하다"
trial, "시험, 재판"
institute, "기관"
cooperation, "협력"
resident, "거주자"
flight, "비행"
department, "부서"
separate, "분리하다"
ladder, "사다리"
passenger, "승객"
closet, "옷장"
rare, "희귀한"
masterpiece, "걸작"
broadcast, "방송하다"
retrieve, "되찾다"
replacement, "교체"
storage, "저장"
hectic, "매우 바쁜"
vessel, "배, 용기"
resign, "사임하다"
load, "짐을 싣다"
supervisor, "감독자"
sculpture, "조각"
rent, "임차하다"
garage, "차고"
resource, "자원"
flavor, "맛"
apply, "지원하다, 적용하다"
rack, "선반"
acquisition, "인수"
commercial, "상업적인"
revise, "수정하다"
outdated, "구식의"
private, "사적인"
tray, "쟁반"
entrance, "입구"
pharmacy, "약국"
appeal, "호소하다"
errand, "심부름"
knob, "손잡이"
compile, "편집하다"
composer, "작곡가"
linger, "남다"
submit, "제출하다"
abundant, "풍부한"
sneeze, "재채기하다"
lease, "임대"
dine, "식사하다"
priority, "우선순위"
nominate, "지명하다"
observe, "준수하다, 목격하다"
waste, "낭비하다"
adjacent, "인접한"
conflict, "갈등"
target, "목표"
letterhead, "편지 상단 문구"
pertinent, "적절한, 관련된"
compensation, "보상"
interview, "면접"
retire, "은퇴하다"
collective, "집단의"
annually, "매년"
found, "설립하다"
discourage, "단념시키다"
ticket, "표"
inquiry, "질문, 문의"
dominate, "지배하다"
signal, "신호"
allergic, "알레르기가 있는"
view, "견해, 전망"
spicy, "매운"
entertain, "즐겁게 하다"
manuscript, "원고"
placement, "배치"
accumulation, "축적"
hypothesis, "가설"
component, "구성 요소"
dehydrate, "탈수시키다"
fever, "열"
vaccinate, "예방 접종하다"
contagious, "전염성의"
frigid, "몹시 추운"
pollution, "오염"
neighborhood, "이웃"
exhibit, "전시하다"
turn, "돌다"
vote, "투표하다"
coastal, "해안의"
definitely, "확실히"
rest, "휴식, 나머지"
prefer, "선호하다"
directory, "주소록"
contain, "포함하다"
valuable, "귀중한"
charity, "자선"
approach, "접근하다"
lock, "잠그다"
plant, "식물, 공장"
province, "주"
decade, "10년"
appreciate, "감사하다, 진가를 인정하다"
dental, "치과의"
patronage, "후원"
venue, "장소"
book, "예약하다"
mechanic, "기계공"
fold, "접다"
achievement, "성취"
supplier, "공급자"
conductor, "지휘자"
appointment, "약속"
contribution, "기여"
certain, "특정한, 확신하는"
personally, "개인적으로"
leave, "떠나다"
attachment, "첨부"
hand, "손, 도움"
postpone, "연기하다"
regularly, "정기적으로"
addition, "추가"
flier, "전단지"
inefficient, "비효율적인"
avoid, "피하다"
stand, "서다"
entertainment, "오락"
tournament, "대회"
pack, "짐을 싸다"
reduced, "감소된"
retailer, "소매업자"
directions, "지시, 길 안내"
railing, "난간"
belong, "속하다"
traditional, "전통적인"
electricity, "전기"
injure, "부상을 입히다"
patient, "환자, 참을성 있는"
weed, "잡초"
patience, "인내심"
probably, "아마도"
water, "물"
save, "저축하다, 구하다"
position, "위치"
activate, "작동시키다"
alteration, "변경"
artifact, "인공물"
assessment, "평가"
flammable, "가연성의"
integral, "필수적인"
inaugural, "취임의"
intensive, "집집적인"
statistics, "통계"
overwhelming, "압도적인"
void, "빈 공간"
tactic, "전술"
heritage, "유산"
discard, "버리다"
disposable, "일회용의"
chronicle, "연대기"
fundraising, "모금"
pertain, "관련되다"
consideration, "고려"
distributed, "분배된"
loss, "손실"
experience, "경험"
local, "지역의"
predict, "예측하다"
regarding, "~에 관하여"
accordingly, "그에 맞춰서"
limited, "제한된"
expiration, "만료"
automated, "자동화된"
enclosed, "동봉된"
accomplished, "숙련된"
stable, "안정된"
mutually, "상호 간에"
prescription, "처방전"
cancellation, "취소"
price, "가격"
carefully, "주의 깊게"
foremost, "가장 중요한"
generously, "관대하게"
specialization, "전문화"
preparation, "준비"
transition, "변화"
productive, "생산적인"
unfavorable, "불리한"
boardroom, "이사회 회의실"
ambitious, "야심 있는"
enlarge, "확대하다"
apparent, "명백한"
briefly, "잠시"
regain, "되찾다"
duplication, "복제"
paperwork, "서류 작업"
unanimously, "만장일치로"
general, "일반적인"
usual, "보통의"
advisor, "고문"
pretty, "예쁜"
suited, "적합한"
familiarity, "친숙함"
seek, "찾다"
invite, "초대하다"
independently, "독립적으로"
diligent, "성실한"
inexperienced, "경험 없는"
leadership, "리더십"
moderately, "적당히"
customized, "맞춤형의"
preferential, "특혜의"
effectiveness, "효과"
inexpensive, "저렴한"
sharply, "급격하게"
discreetly, "신중하게"
periodic, "주기적인"
exponentially, "기하급수적으로"
outgoing, "외향적인"
welcome, "환영하다"
support, "지지하다"
informal, "비공식적인"
excellence, "뛰어남"
inspiring, "영감을 주는"
acceptable, "받아들일 만한"
amendment, "수정"
breakable, "깨지기 쉬운"
trade, "무역"
descending, "내려가는"
fluctuation, "변동"
lure, "유혹하다"
perfectly, "완벽하게"
utilities, "공공서비스"
loyalty, "충성"
individually, "개별적으로"
shortcoming, "결점"
unrivaled, "경쟁자가 없는"
accommodation, "숙박 시설"
frozen, "얼린"
stay, "머무르다"
courtyard, "안마당"
tourist, "관광객"
canceled, "취소된"
landmark, "주요 지표"
frequent, "자주"
nightly, "매일 밤의"
holder, "소지자"
resounding, "울려 퍼지는"
worldwide, "전 세계적인"
theatrical, "연극의"
proudly, "자랑스럽게"
theatergoer, "연극 관람객"
appraise, "평가하다"
discretionary, "자유 재량의"
unease, "불안"
located, "위치한"
distinctive, "독특한"
plumbing, "배관"
daily, "매일의"
coincide, "일치하다"
improvement, "개선"
anecdote, "일화"
enrollment, "등록"
avid, "열렬한"
indoor, "실내의"
critically, "비판적으로"
socialize, "사귀다"
develop, "개발하다"
culminate, "결국 ~으로 끝나다"
acclaimed, "칭송받는"
care, "주의"
ergonomic, "인체공학적인"
relaxed, "편안한"
notable, "주목할 만한"
richly, "풍부하게"
strategically, "전략적으로"
borrow, "빌리다"
appendix, "부록"
autobiography, "자서전"
inaccuracy, "부정확성"
affiliation, "소속"
capability, "능력"
casually, "격식 없이"
inspection, "검사"
mental, "정신의"
infectious, "전염성의"
conservation, "보존"
splendor, "화려함"
ancient, "고대의"
flooding, "홍수"
disappointed, "실망한"
frustrated, "좌절한"
breathtakingly, "숨이 막힐 정도로"
delighted, "아주 기뻐하는"
familiar, "익숙한"
uncomfortably, "불편하게"
impressed, "감명 깊은"
convinced, "확신하는"
afraid, "두려워하는"
bring, "가져오다"
infrequently, "드물게"
rectangular, "직사각형의"
substance, "물질"
luxury, "사치"
story, "이야기"
fear, "두려움"
element, "요소"
solid, "고체의"
adjustable, "조정 가능한"
trend, "경향"
activity, "활동"
rage, "분노"
ultimate, "최종의"
tie, "묶다"
screw, "나사"
supervise, "감독하다"
bound, "~할 수밖에 없는"
plot, "줄거리"
distinction, "차이"
miserable, "비참한"
practice, "실행"
prime, "주요한"
well-being, "복지"
obligation, "의무"
neglect, "무시하다"
omit, "생략하다"
modest, "겸손한"
affair, "일"
split, "나누다"
conceal, "숨기다"
decent, "괜찮은"
pace, "속도"
insider, "내부자"
sanction, "제재"
circuit, "회로"
combine, "결합하다"
adjust, "조정하다"
accommodate, "수용하다"
subject, "주제"
delegate, "대표자"
locate, "위치시키다"
represent, "대표하다"
claim, "주장"
indicate, "가리키다"
brief, "짧은"
commence, "시작하다"
lower, "낮추다"
admission, "입장"
browse, "훑어보다"
appetite, "식욕"
quality, "품질"
honor, "명예"
attendance, "출석"
defy, "반항하다"
condense, "요약하다"
readily, "쉽게"
diversify, "다양화하다"
purpose, "목적"
remarkable, "놀라운"
accuse, "비난하다"
coordinate, "조정하다"
breakthrough, "획기적 발견"
affiliate, "제휴하다"
aggravate, "악화시키다"
amend, "수정하다"
collateral, "담보"
compulsory, "강제적인"
prosecute, "기소하다"
promising, "유망한"
volatile, "변덕스러운"
surpass, "능가하다"
vulnerable, "취약한"
subordinate, "하위의"
incur, "(비용을) 발생시키다"
overall, "전반적인"
quota, "할당량"
oversee, "감독하다"
subsidiary, "자회사"
morale, "사기"
prolonged, "장기적인"
bid, "입찰하다"
recipient, "수령인"
mortgage, "담보 대출"
assign, "할당하다"
assert, "주장하다"
convince, "설득하다"
allowance, "수당"
entry, "입장, 참가"
specification, "명세서"
consecutive, "연속적인"
substantial, "상당한"
takeover, "기업 인수"
proprietor, "소유주"
campaign, "캠페인"
invaluable, "매우 귀중한"
conclude, "결론을 내리다"
secure, "확보하다"
fabulous, "아주 멋진"
agreement, "계약"
barely, "겨우"
objective, "목표"
evaluation, "평가"
level, "수준"
colleague, "동료"
force, "힘"
premier, "최고의"
hostile, "적대적인"
correspond, "일치하다"
fund, "자금"
overlook, "간과하다"
raise, "들어올리다, 인상하다"
apply, "지원하다"
audit, "회계 감사"
accurately, "정확하게"
bear, "참다, 견디다"
consequence, "결과"
alliance, "동맹"
deter, "단념시키다"
liable, "책임이 있는"
segment, "부분"
initiate, "시작하다"
initially, "처음에"
contestant, "경쟁자"
substantially, "상당히"
automate, "자동화하다"
pharmaceutical, "제약의"
execute, "실행하다"
instruct, "지시하다"
acquaint, "숙지시키다"
overprice, "값을 과하게 매기다"
pioneer, "개척자"
distinguished, "유명한"
clearance, "정리, 허가"
perceive, "인식하다"
unify, "통합하다"
incorporate, "포함하다"
dismiss, "해고하다"
interoffice, "사내의"
leisure, "여가"
suspect, "의심하다"
graduate, "졸업하다"
absurd, "터무니없는"
academic, "학문적인"
household, "가정"
proclaim, "선언하다"
reject, "거부하다"
relative, "상대적인"
exaggerate, "과장하다"
pose, "제기하다"
bruise, "멍"
primary, "주요한"
administration, "관리"
agency, "대행사"
witness, "목격자"
layout, "배치"
blueprint, "설계도"
qualified, "자격 있는"
recall, "기억해내다"
distributor, "유통업자"
verify, "확인하다"
restructure, "구조 조정하다"
pier, "부두"
built-in, "내장된"
dock, "부두"
court, "법정"
burglar, "도둑"
default, "채무 불이행"
evolve, "발전하다"
gourmet, "미식가"
precision, "정확성"
thesis, "논문"
ventilate, "환기하다"
additive, "첨가제"
dismay, "실망"
shrewd, "기민한"
stringent, "엄격한"
credential, "자격"
lawsuit, "소송"
plaintiff, "원고"
showcase, "전시하다"
preliminary, "예비의"
dean, "학장"
embezzle, "횡령하다"
bureau, "국, 부서"
resolution, "결심, 해결"
assent, "동의"
consciousness, "의식"
linguistics, "언어학"
liquor, "술"
in-house, "사내의"
curator, "큐레이터"
dense, "빽빽한"
plunge, "급락하다"
bribery, "뇌물 수수"
forum, "토론회"
fierce, "격렬한"
collide, "충돌하다"
hygiene, "위생"
lakeshore, "호숫가"
starve, "굶주리다"
cardholder, "카드 소지자"
getaway, "휴양지"
customary, "관례적인"
pending, "미결정된"
semiconductor, "반도체"
workforce, "노동력"
scheme, "계획"
appetizer, "전채 요리"
packaging, "포장"
stroll, "산책하다"
extravagant, "낭비하는"
lodge, "숙박하다"
drawback, "결점"
prototype, "시제품"
counterpart, "상대방"
knowledgeable, "박식한"
janitor, "관리인"
core, "핵심"
pastor, "목사"
continental, "대륙의"
tune, "곡"
feasibility, "실현 가능성"
vegetarian, "채식주의자"
coalition, "연합"
integration, "통합"
track, "추적하다"
theme, "주제"
insight, "통찰력"
housing, "주택"
nearby, "인근의"
urge, "촉구하다"
outline, "개요"
particular, "특정한"
anchor, "앵커"
competent, "유능한"
hassle, "번거로움"
promotional, "홍보의"
resolve, "해결하다"
scatter, "흩뿌리다"
downtown, "도심"
association, "협회"
retiree, "은퇴자"
identify, "확인하다"
proceeds, "수익금"
gather, "모으다"
reside, "거주하다"
light, "빛"
assured, "확신하는"
erect, "세우다"
draw, "끌다"
kit, "도구 세트"
premiere, "개봉, 초연"
dealership, "대리점"
furnace, "용광로"
craft, "공예, 만들다"
mind, "신경 쓰다"
artwork, "예술품"
remark, "발언"
offend, "기분 상하게 하다"
agitate, "선동하다"
cherish, "소중히 여기다"
curfew, "통금"
delineate, "상세히 기술하다"
dire, "심각한"
eloquent, "웅변의"
erode, "침식시키다"
espionage, "스파이 활동"
exude, "발산하다"
founder, "설립자"
odds, "확률"
inquisitive, "호기심 많은"
dissertation, "논문"
overturn, "뒤집다"
tardy, "늦은"
undue, "부당한"
vandalize, "파손하다"
vent, "배출구"
placid, "평온한"
ingenious, "독창적인"
disturb, "방해하다"
acquaintance, "지인"
provoke, "유발하다"
attest, "증명하다"
entrust, "맡기다"
reputable, "평판 좋은"
abridge, "요약하다"
roam, "배회하다"
scary, "무서운"
compost, "퇴비"
criteria, "기준"
transmission, "전송"
disapprove, "반대하다"
restructuring, "구조 조정"
repression, "억압"
treadmill, "러닝머신"
portion, "부분"
further, "추가적인"
settlement, "합의, 정착"
discretion, "재량"
prominently, "눈에 띄게"
construe, "해석하다"
meanwhile, "그동안에"
reparation, "배상"
scare, "겁주다"
daunting, "벅찬"
marginally, "아주 조금"
schooling, "학교 교육"
frequency, "빈도"
override, "기각하다"
showroom, "전시실"
broadband, "광대역"
dreadfully, "무섭게"
reassurance, "안심"
oppression, "억압"
dreadful, "무서운"
conspire, "공모하다"
deed, "행위"
entry-level, "초보자 수준의"
alumnus, "동창"
buyout, "인수"
sanctions, "제재"
skewed, "편향된"
conscription, "징병"
altercate, "언쟁하다"
usage, "사용량"
distress, "고통"
approximate, "대략적인"
financing, "자금 조달"
credibly, "신빙성 있게"
organization, "조직"
viciously, "잔인하게"
deteriorative, "악화되는"
submit, "제출하다"
strain, "긴장"
revitalize, "활력을 주다"
bonanza, "대성공"
publicize, "홍보하다"
enforcement, "집행"
assertiveness, "자기주장"
proactive, "주도적인"
advancement, "발전"
bin, "통"
chapter, "장"
undesirable, "원치 않는"
ground, "땅, 근거"
corresponding, "상응하는"
curbside, "도로변"
sanitation, "위생"
against, "~에 반대하여"
bag, "봉지, 가방"
outlying, "외곽의"
re-energize, "활력을 다시 불어넣다"
exemption, "면제"
high-profile, "세간의 이목을 끄는"
publicist, "홍보 담당자"
forgiveness, "용서"
shaft, "축"
outsource, "외주를 주다"
horseplay, "거친 장난"
encase, "둘러싸다"
amphitheater, "원형 경기장"
hiatus, "중단"
reconvene, "다시 소집하다"
perennial, "지속되는"
cheer, "환호하다"
congregate, "모이다"
stellar, "뛰어난"
phenomenal, "경이적인"
admittedly, "인정하건대"
admittance, "입장"
defection, "탈주, 탈당"
acting, "대행하는, 연기"
plainly, "명확하게"
concretely, "구체적으로"
inarticulate, "불분명한"
advantageous, "유리한"
winning, "승리한"
dresser, "수납장"
likelihood, "가능성"
eccentricity, "별남"
admirably, "감탄스럽게"
substantiate, "입증하다"
sever, "끊다"
sensible, "현명한"
economize, "절약하다"
preconditioned, "미리 조건이 정해진"
indistinctly, "불분명하게"
discussion, "논의"
procession, "행렬"
proscription, "금지"
vet, "수의사, 조사하다"
amid, "~의 가운데"
disreputable, "평판이 나쁜"
tad, "조금"
ferocity, "격렬함"
intent, "의도"
prioritize, "우선순위를 정하다"
accentuate, "강조하다"
mailer, "광고 우편"
understated, "절제된"
communal, "공동의"
encrusted, "껍데기가 덮인"
whereabouts, "행방"
notify, "통지하다"
explicitly, "명시적으로"
implausible, "믿기 어려운"
acutely, "예리하게, 강렬하게"
repudiation, "거부"
inconceivable, "상상할 수 없는"
gratifyingly, "만족스럽게"
openness, "개방성"
mature, "성숙한"
repetition, "반복"
intrusive, "방해하는"
wing, "날개"
craftsmanship, "장인 정신"
sonic, "소리의"
generalize, "일반화하다"
implicate, "연루시키다"
downplay, "경시하다"
naturally, "자연스럽게"
navigate, "항해하다, 길을 찾다"
comprehend, "이해하다"
perspective, "관점"
photography, "사진술"
mastery, "숙달"
representation, "표현, 대표"
aesthetics, "미학"
repay, "갚다"
repute, "평판"
inevitability, "불가피함"
high-rise, "고층의"
stream, "흐름"
inland, "내륙의"
entries, "참가작"
paralegal, "법률 보조원"
kiosk, "키오스크"
abundance, "풍부함"
refrigeration, "냉동, 냉장"
patented, "특허를 받은"
estimation, "추정"
scam, "사기"
lodging, "숙박"
fleet, "함대, 차량 부대"
cramped, "좁은"
approach, "접근"
rehearse, "연습하다"
heed, "주의를 기울이다"
headhunting, "헤드헌팅"
credibility, "신뢰성"
decisively, "결정적으로"
impractical, "비실용적인"
accent, "강세"
descendant, "자손"
damages, "손해 배상금"
disclaimer, "면책 조항"
tighten, "조이다"
specify, "명시하다"
on-site, "현장의"
chaperon, "보호자"
overhear, "엿듣다"
intensely, "강렬하게"
foothill, "산기슭"
irritate, "짜증나게 하다"
superconductor, "초전도체"
handling, "취급"
gala, "축제"
infraction, "위반"
afford, "~할 여유가 있다"
troublesome, "까다로운"
spot, "장소, 발견하다"
indentation, "들여쓰기"
assurance, "확신, 보장"
harnessing, "활용하기"
blimp, "비행선"
generator, "발전기"
teambuilding, "팀빌딩"
long-standing, "오래된"
entrant, "참가자"
trailer, "트레일러"
campground, "야영지"
frisbee, "프리스비"
roster, "명단"
subtotal, "소계"
accusation, "비난, 고발"
question, "질문"
noble, "고결한, 귀족의"
undertaking, "사업, 과제"
first-hand, "직접의"
formality, "격식"
securities, "증권"
suddenness, "갑작스러움"
mediator, "중재자"
oratorical, "웅변의"
outsell, "보다 많이 팔다"
geologist, "지질학자"
doctorial, "박사의"
imaginative, "상상력이 풍부한"
thoughtful, "사려 깊은"
willingness, "기꺼이 하는 마음"
reverend, "목사님"
pursuant, "~에 따라"
magistrate, "치안 판사"
materially, "실질적으로"
underhanded, "비밀스러운"
deceitful, "기만적인"
premature, "조기"
interaction, "상호작용"
flick, "홱 움직이다"
seductive, "유혹적인"
optical, "시각적인"
install, "설치하다"
proprietary, "독점적인"
bass, "저음"
dynamite, "다이너마이트"
stunning, "멋진"
deceased, "고인"
troubleshooter, "해결사"
determine, "결정하다"
reassign, "재배정하다"
verification, "확인"
COO, "최고 운영 책임자"
commend, "칭찬하다"
conciliatory, "회유적인"
non-committal, "애매한"
bearer, "소지인"
recklessness, "무모함"
diner, "간이 식당"
ambiance, "분위기"
world-renowned, "세계적으로 유명한"
ballroom, "무도회장"
regulatory, "규제의"
consolidation, "통합"
slowing, "둔화"
inclination, "경향"
ill-equipped, "준비가 부족한"
gleaming, "빛나는"
horrendous, "끔찍한"
move, "움직이다"
spin-off, "파생"
distraught, "제정신이 아닌"
exasperate, "몹시 화나게 하다"
finely, "미세하게"
grossly, "지독히"
clarity, "명확성"
clipping, "스크랩"
paper, "신문, 논문"
forthcoming, "다가오는"
imitation, "모방"
freshman, "신입생"
junior, "하급의"
ashamed, "부끄러운"
pillow, "베개"
awful, "끔찍한"
uncomfortable, "불편한"
disappoint, "실망시키다"
bud, "싹"
normally, "보통"
relax, "편히 쉬다"
dumb, "멍청한"
crush, "부수다"
denial, "부인"
refill, "리필"
outer, "외부의"
penny, "페니"
sensitive, "민감한"
length, "길이"
oven, "오븐"
close, "가까운"
exist, "존재하다"
annoy, "짜증나게 하다"
pale, "창백한"
principle, "원칙"
sell, "팔다"
popularity, "인기"
population, "인구"
disease, "질병"
farm, "농장"
flow, "흐르다"
hole, "구멍"
loyal, "충성스러운"
elect, "선출하다"
sum, "합계"
straight, "똑바른"
brake, "브레이크"
wear, "입다, 닳다"
cloud, "구름"
thigh, "허벅지"
weak, "약한"
steel, "강철"
stair, "계단"
waist, "허리"
root, "뿌리"
pain, "통증"
sound, "소리"
believe, "믿다"
defeat, "패배시키다"
confuse, "혼동하다"
job, "직업"
spray, "뿌리다"
episode, "사건, 에피소드"
wool, "양모"
data, "데이터"
cook, "요리하다"
network, "네트워크"
select, "선택하다"
bottom, "바닥"
communication, "의사소통"
scandal, "스캔들"
apartment, "아파트"
warning, "경고"
contest, "경진대회"
imagine, "상상하다"
language, "언어"
meeting, "회의"
chief, "장, 우두머리"
concept, "개념"
novel, "소설"
veil, "베일"
quit, "그만두다"
option, "선택"
equal, "동등한"
difficulty, "어려움"
insist, "주장하다"
nervous, "불안한"
glory, "영광"
pure, "순수한"
mode, "방식"
actual, "실제의"
teenage, "십대의"
parade, "퍼레이드"
lazy, "게으른"
ambulance, "구급차"
smooth, "매끄러운"
plastic, "플라스틱"
stranger, "낯선 사람"
profile, "개요"
fiction, "소설"
whistle, "휘파람"
recognize, "인정하다"
sensor, "센서"
wit, "재치"
license, "면허"
shutter, "셔터"
mud, "진흙"
fan, "팬"
funny, "웃기는"
restroom, "화장실"
invest, "투자하다"
shy, "부끄러워하는"
homemade, "집에서 만든"
selfish, "이기적인"
deaf, "청각 장애가 있는"
cement, "시멘트"
exam, "시험"
various, "다양한"
doubt, "의심"
lonely, "외로운"
liquid, "액체"
gas, "가스"
insect, "곤충"
delight, "기쁨"
serving, "인분"
interview, "인터뷰"
oxygen, "산소"
equator, "적도"
interior, "내부"
universal, "보편적인"
palm, "손바닥"
mosquito, "모기"
gravity, "중력"
arithmetic, "산수"
tissue, "조직"
radiator, "방열기"
vibration, "진동"
agriculture, "농업"
peninsula, "반도"
smash, "부수다"
internal, "내부의"
terror, "공포"
density, "밀도"
intelligence, "지능"
curiosity, "호기심"
oyster, "굴"
debt, "빚"
rectangle, "직사각형"
judgment, "판단"
confirm, "확인하다"
deadly, "치명적인"
decay, "부패하다"
stray, "길을 잃다"
cultural, "문화의"
square, "정사각형"
energetic, "에너지가 넘치는"
suspense, "긴장감"
congress, "의회"
sink, "가라앉다"
tidy, "깔끔한"
lifetime, "일생"
alarm, "경보"
personality, "성격"
friendly, "친절한"
breakdown, "고장"
wastepaper, "폐지"
illegal, "불법적인"
bark, "짖다"
remote, "멀리 떨어진"
satisfy, "만족시키다"
terrific, "훌륭한"
exhausted, "기진맥진한"
evident, "분명한"
artistic, "예술적인"
isolation, "고립"
endurance, "인내"
vicious, "사악한"
firecracker, "폭죽"
gloomy, "우울한"
batter, "반죽"
clash, "충돌"
shatter, "산산조각 내다"
herd, "무리"
carve, "조각하다"
yearn, "동경하다"
foam, "거품"
saw, "톱"
sow, "씨를 뿌리다"
sufficient, "충분한"
bald, "대머리의"
glow, "빛나다"
rot, "썩다"
collect, "모으다"
fright, "공포"
flame, "불꽃"
frank, "솔직한"
rid, "제거하다"
limb, "팔다리"
rim, "가장자리"
bloom, "꽃이 피다"
youth, "젊음"
faith, "신뢰"
sin, "죄"
imaginary, "상상의"
soak, "적시다"
criminal, "범죄자"
thumb, "엄지손가락"
shave, "면도하다"
siege, "포위"
seize, "잡다"
breathe, "숨을 쉬다"
impatient, "조급한"
lessen, "줄이다"
heir, "상속인"
hoarse, "목이 쉰"
plain, "명백한"
flour, "밀가루"
dye, "염료"
turbulence, "난기류"
tale, "이야기"
seed, "씨앗"
cell, "세포"
route, "경로"
traffic, "교통"
bury, "묻다"
male, "남성"
sole, "유일한"
serious, "진지한"
redundant, "불필요한"
idle, "한가한"
tension, "긴장"
renounce, "포기하다"
painful, "고통스러운"
long, "긴"
mean, "의미하다"
room, "방"
soil, "토양"
row, "열"
pitcher, "투수"
spark, "불꽃"
tackle, "해결하다"
utter, "말하다"
government, "정부"
tragedy, "비극"
pollute, "오염시키다"
assumption, "가정"
nationality, "국적"
liberate, "해방시키다"
diplomacy, "외교"
sociable, "사교적인"
manipulate, "조작하다"
tolerate, "참다"
captivate, "사로잡다"
prosecution, "기소"
marketplace, "시장"
distinct, "별개의"
proceedings, "진행"
capture, "포획하다"
massive, "거대한"
gain, "얻다"
grasp, "이해하다"
export, "수출하다"
barrier, "장벽"
pleasant, "즐거운"
vision, "비전"
introduction, "소개"
column, "칼럼"
classical, "고전의"
glue, "접착제"
flashlight, "전등"
nickel, "니켈"
absorb, "흡수하다"
freeway, "고속도로"
unemployed, "실업의"
handy, "유용한"
interviewee, "피면접자"
dime, "다임"
burden, "부담"
endure, "견디다"
offer, "제공하다"
upward, "위로 향한"
wallet, "지갑"
cooperate, "협력하다"
mass, "덩어리"
role, "역할"
blue-chip, "우량의"
shopper, "쇼핑객"
terrible, "끔찍한"
midday, "정오"
respectable, "존경할 만한"
harbor, "항구"
crossing, "교차로"
curious, "호기심 많은"
memorize, "암기하다"
prominence, "명성"
theory, "이론"
worthwhile, "가치 있는"
meaningful, "의미 있는"
unbelievable, "믿을 수 없는"
automaker, "자동차 제조사"
complain, "불평하다"
evidence, "증거"
nowadays, "요즘"
tight, "꽉 조이는"
briefcase, "서류가방"
billion, "10억"
postmark, "소인"
beside, "옆에"
interpersonal, "대인 관계의"
amusing, "재미있는"
amazing, "놀라운"
carpenter, "목수"
barbershop, "이발소"
newsletter, "소식지"
tradition, "전통"
bumpy, "울퉁불퉁한"
observation, "관찰"
explore, "탐구하다"
proper, "적절한"
determined, "단호한"
even, "평평한"
intelligent, "지적인"
punish, "처벌하다"
subtle, "미묘한"
former, "이전의"
tendency, "경향"
decision-maker, "의사 결정권자"
greed, "탐욕"
gradually, "점진적으로"
collaboration, "협력"
theft, "절도"
candid, "솔직한"
lottery, "복권"
latter, "후자"
resistance, "저항"
width, "너비"
voluntary, "자발적인"
counselor, "상담사"
requisition, "요청"
disgusting, "역겨운"
cultivate, "경작하다"
loaf, "덩어리"
relate, "관련시키다"
considerate, "사려 깊은"
detect, "탐지하다"
glance, "흘끗 봄"
extent, "정도"
dependent, "의존하는"
abrupt, "갑작스러운"
perfume, "향수"
explode, "폭발하다"
interpret, "해석하다"
possession, "소유"
adapt, "적응하다"
conquest, "정복"
blame, "비난하다"
iron, "철"
distinguish, "구별하다"
restless, "가만히 있지 못하는"
poison, "독"
upright, "똑바로 선"
wrist, "손목"
poverty, "가난"
amusement, "즐거움"
shorten, "줄이다"
plaster, "회반죽"
earnest, "진심 어린"
boast, "자랑하다"
scope, "범위"
conviction, "확신"
hatred, "증오"
uneasy, "불안한"
envy, "부러움"
swear, "맹세하다"
contempt, "경멸"
inspire, "영감을 주다"
scar, "흉터"
coward, "겁쟁이"
offspring, "자손"
mercy, "자비"
hug, "포옹하다"
domain, "영역"
alien, "외계인"
token, "표시"
nasty, "끔찍한"
sober, "맨정신의"
mandate, "명령"
fuss, "호들갑"
infant, "유아"
freelance, "프리랜서"
naughty, "버릇없는"
passive, "수동적인"
neighboring, "이웃의"
intolerable, "참을 수 없는"
allege, "주장하다"
momentary, "순간적인"
deceive, "속이다"
hospitable, "친절한"
quicken, "빨라지다"
temptation, "유혹"
spokesperson, "대변인"
multiple, "다수의"
conditional, "조건부의"
punctual, "시간을 엄수하는"
imbalance, "불균형"
presume, "가정하다"
short-cut, "지름길"
second-hand, "중고의"
straightforward, "솔직한"
cholesterol, "콜레스테롤"
infection, "감염"
changeable, "변덕스러운"
anticipation, "기대"
rust, "녹"
bare, "벌거벗은"
lust, "욕망"
fate, "운명"
consulate, "영사관"
ruin, "망치다"
register, "등록하다"
destroy, "파괴하다"
breed, "품종"
literally, "말 그대로"
cease, "중단하다"
vanish, "사라지다"
sacrifice, "희생"
stare, "응시하다"
period, "기간"
abstract, "추상적인"
rescue, "구조하다"
transport, "수송하다"
successive, "연속적인"
emphasize, "강조하다"
fruitful, "결실 있는"
magnificent, "웅장한"
dedicate, "헌신하다"
routine, "일상"
descend, "내려가다"
therapy, "치료"
fairly, "상당히"
debate, "토론"
fundamental, "근본적인"
ban, "금지하다"
defect, "결함"
bankrupt, "파산한"
overtake, "추월하다"
treatment, "처치"
volunteer, "자원봉사"
convention, "관습, 회의"
security, "보안"
cargo, "화물"
intersection, "교차로"
anxious, "걱정스러운"
rectify, "수정하다"
budget, "예산"
corporation, "기업"
fare, "요금"
committee, "위원회"
union, "조합"
device, "장치"
asset, "자산"
examine, "조사하다"
reimburse, "상환하다"
shipment, "선적"
polish, "광택"
stationery, "문구류"
branch, "지점"
missing, "분실된"
malfunction, "오작동"
innovative, "혁신적인"
dramatically, "극적으로"
narrow, "좁은"
overhead, "머리 위의, 경상비"
unoccupied, "비어 있는"
division, "부서"
contact, "연락"
agree, "동의하다"
calculate, "계산하다"
aspect, "측면"
auction, "경매"
rate, "비율"
face, "직면하다"
alter, "바꾸다"
wage, "임금"
official, "공식적인"
contract, "계약"
impression, "인상"
strike, "파업, 치다"
elaborate, "정교한"
installment, "할부"
acclaim, "칭송하다"
obsolete, "구식의"
deteriorate, "악화되다"
thoroughly, "철저히"
seasonal, "계절적인"
board, "이사회"
match, "경기"
payroll, "급여 명부"
enroll, "등록하다"
memorandum, "메모"
auditorium, "강당"
mutual, "상호의"
argue, "논쟁하다"
insult, "모욕하다"
shrink, "줄어들다"
oppressive, "압박하는"
currency, "통화"
proficient, "능숙한"
premium, "보험료"
survey, "조사"
recruit, "모집하다"
inflation, "인플레이션"
deficit, "적자"
declare, "선언하다"
petition, "청원"
entail, "수반하다"
expenditure, "지출"
portfolio, "포트폴리오"
organization, "조직"
prohibit, "금지하다"
satellite, "위성"
outfit, "의상"
numerous, "수많은"
gauge, "측정기"
forecast, "예보"
stir, "휘젓다"
largely, "주로"
slightly, "약간"
eventually, "결국"
capable, "할 수 있는"
considerable, "상당한"
superior, "우월한"
exception, "예외"
commodity, "상품"
notification, "통보"
presumably, "아마도"
cite, "인용하다"
comprehensive, "종합적인"
dilute, "희석하다"
incidental, "부수적인"
lucrative, "수익성이 좋은"
marginal, "미미한"
monopoly, "독점"
precipitation, "강수량"
drape, "걸치다"
relatively, "상대적으로"
wane, "약해지다"
confirmation, "확인"
allocate, "할당하다"
disperse, "흩어지다"
custody, "관리, 양육권"
sufficiently, "충분히"
lax, "느슨한"
particularly, "특히"
remittance, "송금"
expedite, "신속히 처리하다"
compatible, "호환되는"
conjunction, "결합"
irrelevant, "무관한"
skilled, "숙련된"
live, "살다, 생방송의"
apparel, "의류"
properly, "적절히"
reveal, "드러내다"
announcement, "공지"
forfeit, "몰수당하다"
gratuity, "팁"
inherently, "본질적으로"
realistically, "현실적으로"
unanimous, "만장일치의"
confiscate, "압수하다"
procrastinate, "미루다"
normal, "정상적인"
periodical, "정기 간행물"
provision, "공급"
sophisticated, "세련된"
dignitary, "고위 인사"
existing, "기존의"
cautiously, "조심스럽게"
concurrently, "동시에"
inaugurate, "취임시키다"
unlimited, "무제한의"
incompetent, "무능한"
occasionally, "가끔"
characteristic, "특징"
illustrate, "설명하다"
struggle, "투쟁하다"
reward, "보상"
current, "현재의"
revolutionary, "혁명적인"
proportion, "비율"
drought, "가뭄"
utility, "공공 요금, 유용성"
diminish, "줄어들다"
complement, "보완하다"
fine, "좋은, 벌금"
incentive, "동기"
widely, "널리"
award, "상"
modify, "수정하다"
unexpected, "예상치 못한"
praise, "칭찬"
fuel, "연료"
attraction, "관광 명소"
dispute, "분쟁"
convey, "전달하다"
compromise, "타협"
abolish, "폐지하다"
speculation, "추측"
solution, "해결책"
prevention, "예방"
precisely, "정확히"
differ, "다르다"
establish, "설립하다"
evaluate, "평가하다"
certification, "증명"
embassy, "대사관"
appearance, "외모"
deliberate, "고의적인"
controversy, "논란"
fragile, "깨지기 쉬운"
innate, "타고난"
accelerate, "가속하다"
refrain, "자제하다"
delicate, "섬세한"
aptitude, "적성"
advocate, "지지하다"
antibiotic, "항생제"
attorney, "변호사"
congestion, "혼잡"
deplete, "고갈시키다"
detach, "떼다"
emission, "배출"
enact, "제정하다"
enforce, "집행하다"
eradicate, "근절하다"
exploit, "이용하다, 착취하다"
fraud, "사기"
forbid, "금지하다"
legislation, "법률"
illegible, "읽기 어려운"
improvise, "즉흥적으로 하다"
insulation, "절연, 단열"
litigation, "소송"
undoubtedly, "의심할 여지 없이"
contingent, "여하에 달린"
exotic, "이국적인"
scent, "향기"
devastate, "황폐화시키다"
duration, "지속 기간"
beforehand, "미리"
patent, "특허"
perception, "인식"
preside, "주재하다"
succinct, "간결한"
susceptible, "영향을 받기 쉬운"
trigger, "촉발시키다"
adhere, "고수하다"
adjourn, "중단하다"
apprehensive, "불안한"
obstruct, "방해하다"
confront, "직면하다"
thrive, "번영하다"
bilateral, "쌍방의"
chronological, "연대순의"
endorse, "지지하다"
fabricate, "조작하다"
curtail, "삭감하다"
embargo, "통상 금지"
contend, "다투다"
equivalent, "상당하는"
conglomerate, "복합 기업"
rigid, "엄격한"
waive, "포기하다"
consolidate, "통합하다"
discrepancy, "불일치"
sturdy, "견고한"
unwavering, "변함없는"
reciprocal, "상호 간의"
stance, "입장"
offset, "상쇄하다"
slowdown, "경기 후퇴"
attribute, "의 탓으로 돌리다"
connoisseur, "감정가"
closely, "긴밀히"
ratio, "비율"
bond, "결속, 채권"
defer, "연기하다"
flood, "홍수"
censorship, "검열"
rapidly, "빠르게"
customize, "주문 제작하다"
inconsistency, "불일치"
justify, "정당화하다"
reorganize, "재편성하다"
turnover, "매출, 이직률"
uphold, "지지하다"
collapse, "붕괴하다"
contributor, "기여자"
dividend, "배당금"
seriously, "심각하게"
carelessly, "부주의하게"
habitat, "서식지"
insubordinate, "불복종하는"
liability, "부채, 책임"
retaliation, "보복"
seating, "좌석 배치"
annulment, "무효 선언"
supplement, "보충"
alumni, "졸업생"
commerce, "상업"
disclose, "공개하다"
emerge, "나타나다"
eminent, "저명한"
genuine, "진실한"
monetary, "금융의"
solely, "오로지"
conserve, "보존하다"
impending, "임박한"
advisable, "권장할 만한"
circumscribe, "제한하다"
instantly, "즉시"
judge, "판사"
fortify, "강화하다"
discharge, "방출하다"
coherent, "일관성 있는"
ledger, "회계 장부"
bilingual, "2개 국어 구사"
provide, "제공하다"
proximity, "근접"
purify, "정화하다"
aspiration, "열망"
deadlock, "교착"
deal, "거래"
ecology, "생태"
flourish, "번성하다"
implication, "영향"
conform, "따르다"
deviate, "벗어나다"
evidently, "분명히"
infusion, "주입"
migration, "이동"
clout, "영향력"
occupation, "직업"
depot, "창고"
exhibition, "전시"
benefit, "이익"
detour, "우회"
divert, "전환하다"
comprehensive, "종합적인"
foresee, "예견하다"
unstable, "불안정한"
degree, "정도, 학위"
swap, "교환하다"
constructive, "건설적인"
desirable, "바람직한"
sewage, "하수"
cultivation, "재배"
dose, "복용량"
prospect, "전망"
soar, "치솟다"
utensil, "도구"
violation, "위반"
disaster, "재난"
strictly, "엄격히"
abate, "줄어들다"
envision, "구상하다"
liquidate, "청산하다"
scenic, "경치가 좋은"
screen, "화면"
earnings, "소득"
regulate, "규제하다"
faction, "파벌"
survive, "생존하다"
conservative, "보수적인"
burst, "터지다"
volume, "부피, 양"
pursue, "추구하다"
frame, "틀"
container, "용기"
vital, "중요한"
promotion, "홍보, 승진"
competition, "경쟁"
mention, "언급하다"
fabric, "천"
residence, "주택"
include, "포함하다"
annual, "연례의"
install, "설치하다"
damaged, "손상된"
advertisement, "광고"
recently, "최근에"
cash, "현금"
collection, "수집"
handle, "취급하다"
form, "서식"
earn, "벌다"
factor, "요인"
qualification, "자격"
unique, "독특한"
confusion, "혼란"
attendee, "참석자"
discuss, "논의하다"
laundry, "세탁"
average, "평균"
demonstrate, "보여주다"
inquire, "문의하다"
resignation, "사직"
shortly, "곧"
duplicate, "사본"
location, "위치"
request, "요청"
carton, "판지 상자"
relocate, "이전하다"
regular, "규칙적인"